scenario,trafficScope,mode,vpsWebSocket,p2p,replica,channel,direction,bytes,messages,updateMessages,awarenessBytes,awarenessMessages,syncBytes,otherBytes,firstVisibleMs,firstArrivalPath,peerVisibleMs,allClientsConvergedMs,vpsDurableMs,serverUpdateRows
Same two rectangle actions with VPS WebSocket active in both modes; wait for client convergence and VPS durable ACK,WebSocket UTF-8 JSON and WebRTC datachannel payload bytes; excludes WS/TCP/TLS/SCTP/DTLS/IP overhead and retransmissions,hybrid,active,active,alice,websocket,sent,866,2,2,0,0,866,0,92.86655199999996,peer-room,92.86655199999996,173.29034000000001,175.12325199999987,4
Same two rectangle actions with VPS WebSocket active in both modes; wait for client convergence and VPS durable ACK,WebSocket UTF-8 JSON and WebRTC datachannel payload bytes; excludes WS/TCP/TLS/SCTP/DTLS/IP overhead and retransmissions,hybrid,active,active,alice,websocket,received,1530,4,2,0,0,1036,494,92.86655199999996,peer-room,92.86655199999996,173.29034000000001,175.12325199999987,4
Same two rectangle actions with VPS WebSocket active in both modes; wait for client convergence and VPS durable ACK,WebSocket UTF-8 JSON and WebRTC datachannel payload bytes; excludes WS/TCP/TLS/SCTP/DTLS/IP overhead and retransmissions,hybrid,active,active,alice,webrtc,sent,1872,10,2,1335,8,537,0,92.86655199999996,peer-room,92.86655199999996,173.29034000000001,175.12325199999987,4
Same two rectangle actions with VPS WebSocket active in both modes; wait for client convergence and VPS durable ACK,WebSocket UTF-8 JSON and WebRTC datachannel payload bytes; excludes WS/TCP/TLS/SCTP/DTLS/IP overhead and retransmissions,hybrid,active,active,alice,webrtc,received,1872,10,2,1335,8,537,0,92.86655199999996,peer-room,92.86655199999996,173.29034000000001,175.12325199999987,4
Same two rectangle actions with VPS WebSocket active in both modes; wait for client convergence and VPS durable ACK,WebSocket UTF-8 JSON and WebRTC datachannel payload bytes; excludes WS/TCP/TLS/SCTP/DTLS/IP overhead and retransmissions,hybrid,active,active,bob,websocket,sent,866,2,2,0,0,866,0,92.86655199999996,peer-room,92.86655199999996,173.29034000000001,175.12325199999987,4
Same two rectangle actions with VPS WebSocket active in both modes; wait for client convergence and VPS durable ACK,WebSocket UTF-8 JSON and WebRTC datachannel payload bytes; excludes WS/TCP/TLS/SCTP/DTLS/IP overhead and retransmissions,hybrid,active,active,bob,websocket,received,1530,4,2,0,0,1036,494,92.86655199999996,peer-room,92.86655199999996,173.29034000000001,175.12325199999987,4
Same two rectangle actions with VPS WebSocket active in both modes; wait for client convergence and VPS durable ACK,WebSocket UTF-8 JSON and WebRTC datachannel payload bytes; excludes WS/TCP/TLS/SCTP/DTLS/IP overhead and retransmissions,hybrid,active,active,bob,webrtc,sent,1872,10,2,1335,8,537,0,92.86655199999996,peer-room,92.86655199999996,173.29034000000001,175.12325199999987,4
Same two rectangle actions with VPS WebSocket active in both modes; wait for client convergence and VPS durable ACK,WebSocket UTF-8 JSON and WebRTC datachannel payload bytes; excludes WS/TCP/TLS/SCTP/DTLS/IP overhead and retransmissions,hybrid,active,active,bob,webrtc,received,1872,10,2,1335,8,537,0,92.86655199999996,peer-room,92.86655199999996,173.29034000000001,175.12325199999987,4
Same two rectangle actions with VPS WebSocket active in both modes; wait for client convergence and VPS durable ACK,WebSocket UTF-8 JSON and WebRTC datachannel payload bytes; excludes WS/TCP/TLS/SCTP/DTLS/IP overhead and retransmissions,server-only,active,paused,alice,websocket,sent,423,1,1,0,0,423,0,83.89328799999976,server,,162.6629579999999,185.02205099999992,2
Same two rectangle actions with VPS WebSocket active in both modes; wait for client convergence and VPS durable ACK,WebSocket UTF-8 JSON and WebRTC datachannel payload bytes; excludes WS/TCP/TLS/SCTP/DTLS/IP overhead and retransmissions,server-only,active,paused,alice,websocket,received,763,2,1,0,0,516,247,83.89328799999976,server,,162.6629579999999,185.02205099999992,2
Same two rectangle actions with VPS WebSocket active in both modes; wait for client convergence and VPS durable ACK,WebSocket UTF-8 JSON and WebRTC datachannel payload bytes; excludes WS/TCP/TLS/SCTP/DTLS/IP overhead and retransmissions,server-only,active,paused,alice,webrtc,sent,0,0,0,0,0,0,0,83.89328799999976,server,,162.6629579999999,185.02205099999992,2
Same two rectangle actions with VPS WebSocket active in both modes; wait for client convergence and VPS durable ACK,WebSocket UTF-8 JSON and WebRTC datachannel payload bytes; excludes WS/TCP/TLS/SCTP/DTLS/IP overhead and retransmissions,server-only,active,paused,alice,webrtc,received,0,0,0,0,0,0,0,83.89328799999976,server,,162.6629579999999,185.02205099999992,2
Same two rectangle actions with VPS WebSocket active in both modes; wait for client convergence and VPS durable ACK,WebSocket UTF-8 JSON and WebRTC datachannel payload bytes; excludes WS/TCP/TLS/SCTP/DTLS/IP overhead and retransmissions,server-only,active,paused,bob,websocket,sent,431,1,1,0,0,431,0,83.89328799999976,server,,162.6629579999999,185.02205099999992,2
Same two rectangle actions with VPS WebSocket active in both modes; wait for client convergence and VPS durable ACK,WebSocket UTF-8 JSON and WebRTC datachannel payload bytes; excludes WS/TCP/TLS/SCTP/DTLS/IP overhead and retransmissions,server-only,active,paused,bob,websocket,received,755,2,1,0,0,508,247,83.89328799999976,server,,162.6629579999999,185.02205099999992,2
Same two rectangle actions with VPS WebSocket active in both modes; wait for client convergence and VPS durable ACK,WebSocket UTF-8 JSON and WebRTC datachannel payload bytes; excludes WS/TCP/TLS/SCTP/DTLS/IP overhead and retransmissions,server-only,active,paused,bob,webrtc,sent,0,0,0,0,0,0,0,83.89328799999976,server,,162.6629579999999,185.02205099999992,2
Same two rectangle actions with VPS WebSocket active in both modes; wait for client convergence and VPS durable ACK,WebSocket UTF-8 JSON and WebRTC datachannel payload bytes; excludes WS/TCP/TLS/SCTP/DTLS/IP overhead and retransmissions,server-only,active,paused,bob,webrtc,received,0,0,0,0,0,0,0,83.89328799999976,server,,162.6629579999999,185.02205099999992,2